[{
    "edited": 1588925905329,
    "card_id": "8fda1de1-0b4d-4487-89f3-94b09f0daabf",
    "deck_id": "",
    "user_id": "5ee2dc9f-7a08-4879-85ba-5e7482178cc0",
    "back_text": "\n",
    "card_tags": [
      "Daily Review"
    ],
    "deck_title": "",
    "front_text": "IPFS was used to create a mirror of Wikipedia, which allows people living in jurisdictions where Wikipedia is blocked to access the content of Wikipedia.[6] That archived version of Wikipedia is a limited immutable copy th\n",
    "highlight_id": "h-id-529622fa-46fa-454d-9b7d-08f8acd65696",
    "highlight_url": "https://en.wikipedia.org/wiki/InterPlanetary_File_System",
    "back_rich_text": "",
    "front_rich_text": "IPFS was used to create a mirror of Wikipedia, which allows people living in jurisdictions where Wikipedia is blocked to access the content of Wikipedia.[6] That archived version of Wikipedia is a limited immutable copy th"
  },
  {
    "edited": 1588925842031,
    "card_id": "54e025f4-89d4-4b57-bbdd-0311b1c08ffa",
    "deck_id": "",
    "user_id": "5ee2dc9f-7a08-4879-85ba-5e7482178cc0",
    "back_text": "\n",
    "card_tags": [
      "Daily Review"
    ],
    "deck_title": "",
    "front_text": "place in September–October 2017, was deemed illegal by the Constitutional Court of Spain and many related websites were blocked. Subsequently, the Catalan Pirate Party mirrored the website on IPFS to b\n",
    "highlight_id": "h-id-0273a518-a663-469f-8706-46eab371366d",
    "highlight_url": "https://en.wikipedia.org/wiki/InterPlanetary_File_System",
    "back_rich_text": "",
    "front_rich_text": "place in September–October 2017, was deemed illegal by the Constitutional Court of Spain and many related websites were blocked. Subsequently, the Catalan Pirate Party mirrored the website on IPFS to b"
  },
  {
    "edited": 1588925603793,
    "card_id": "ba7b8c5d-a049-49ff-bab2-737d4825622c",
    "deck_id": "",
    "user_id": "5ee2dc9f-7a08-4879-85ba-5e7482178cc0",
    "back_text": "\n",
    "card_tags": [
      "Daily Review"
    ],
    "deck_title": "",
    "front_text": "can serve a file by its content address, and other peers in the network can find and request that content from any node w\n",
    "highlight_id": "h-id-4278e48b-e47e-4452-bdcd-eff400a074b1",
    "highlight_url": "https://en.wikipedia.org/wiki/InterPlanetary_File_System",
    "back_rich_text": "",
    "front_rich_text": "can serve a file by its content address, and other peers in the network can find and request that content from any node w"
  },
  {
    "edited": 1588925433267,
    "card_id": "c288f203-af63-474f-872b-2b97c71b7cec",
    "deck_id": "",
    "user_id": "5ee2dc9f-7a08-4879-85ba-5e7482178cc0",
    "back_text": "\n",
    "card_tags": [
      "Daily Review"
    ],
    "deck_title": "",
    "front_text": "stem of file storage and sharing. Any user in the network can serve a file by its content address, and other peers in the network ca\n",
    "highlight_id": "h-id-7e99caa0-1b0e-41bd-92d2-3d2070938553",
    "highlight_url": "https://en.wikipedia.org/wiki/InterPlanetary_File_System",
    "back_rich_text": "",
    "front_rich_text": "stem of file storage and sharing. Any user in the network can serve a file by its content address, and other peers in the network ca"
  },
  {
    "edited": 1588925242974,
    "card_id": "491d2f3b-3dee-4d08-9879-0a344083a4f1",
    "deck_id": "",
    "user_id": "5ee2dc9f-7a08-4879-85ba-5e7482178cc0",
    "back_text": "\n",
    "card_tags": [
      "Daily Review"
    ],
    "deck_title": "",
    "front_text": "droid now has d\n",
    "highlight_id": "h-id-e9dd195d-bd9e-484d-84e1-8dfff8debe7d",
    "highlight_url": "https://en.wikipedia.org/wiki/InterPlanetary_File_System",
    "back_rich_text": "",
    "front_rich_text": "droid now has d"
  },
  {
    "edited": 1588925129531,
    "card_id": "5bb161f9-5fa3-42b4-920c-452fa2842d62",
    "deck_id": "",
    "user_id": "5ee2dc9f-7a08-4879-85ba-5e7482178cc0",
    "back_text": "\n",
    "card_tags": [
      "Daily Review"
    ],
    "deck_title": "",
    "front_text": "Phishing attacks have also been distributed through Cloudflare's IPFS gateway since Ju\n",
    "highlight_id": "h-id-bbe4321f-e174-4f53-b393-6b0050a7594c",
    "highlight_url": "https://en.wikipedia.org/wiki/InterPlanetary_File_System",
    "back_rich_text": "",
    "front_rich_text": "Phishing attacks have also been distributed through Cloudflare's IPFS gateway since Ju"
  },
  {
    "edited": 1588922714624,
    "card_id": "31ba0e87-c9a6-47d4-a08e-b73f0503cc97",
    "deck_id": "",
    "user_id": "5ee2dc9f-7a08-4879-85ba-5e7482178cc0",
    "back_text": "\n",
    "card_tags": [
      "Daily Review"
    ],
    "deck_title": "",
    "front_text": "d other peers in the network can find and request that content from any nod\n",
    "highlight_id": "h-id-66d62550-d14b-4dce-8bd5-120b39ca3af6",
    "highlight_url": "https://en.wikipedia.org/wiki/InterPlanetary_File_System",
    "back_rich_text": "",
    "front_rich_text": "d other peers in the network can find and request that content from any nod"
  },
  {
    "edited": 1588922732134,
    "card_id": "e631dc4d-06e2-4bbd-b88d-ccdd0252c64d",
    "deck_id": "",
    "user_id": "5ee2dc9f-7a08-4879-85ba-5e7482178cc0",
    "back_text": "\n",
    "card_tags": [
      "Daily Review"
    ],
    "deck_title": "",
    "front_text": "crosoft ION, builds on the Bitcoin blockchain and IPFS through a Si\n",
    "highlight_id": "h-id-88c32e79-b6c3-43de-990e-35ec8eaa9469",
    "highlight_url": "https://en.wikipedia.org/wiki/InterPlanetary_File_System",
    "back_rich_text": "",
    "front_rich_text": "crosoft ION, builds on the Bitcoin blockchain and IPFS through a Si"
  },
  {
    "edited": 1588924981158,
    "card_id": "63b5715f-4116-4575-9648-021ec6b3f8e4",
    "deck_id": "",
    "user_id": "5ee2dc9f-7a08-4879-85ba-5e7482178cc0",
    "back_text": "\n",
    "card_tags": [
      "Daily Review"
    ],
    "deck_title": "",
    "front_text": "e IPStorm botnet, first detected in June 2019, uses IPFS, so it can hide its command-and-control amongst the flow of legitimate data on the IPFS network.[12] Security researchers had worked out previously the theoretical\n",
    "highlight_id": "h-id-85a9aec6-7697-4550-ba6e-94dce0e5e32a",
    "highlight_url": "https://en.wikipedia.org/wiki/InterPlanetary_File_System",
    "back_rich_text": "",
    "front_rich_text": "e IPStorm botnet, first detected in June 2019, uses IPFS, so it can hide its command-and-control amongst the flow of legitimate data on the IPFS network.[12] Security researchers had worked out previously the theoretical "
  },
  {
    "edited": 1588157451019,
    "card_id": "198a1685-9324-49bc-ab70-c7cffb23186a",
    "user_id": "cc7675f0-5b14-4551-98e0-9da35f082d91",
    "back_text": "\n",
    "card_tags": [
      "Daily Review"
    ],
    "front_text": "IPFS allows users to not only receive but host content, in a similar manner to BitTorrent. As opposed to a centrally located server, IPFS is built around a decentralized system of user-operators who hold a portion of the overall data, creating a\n",
    "is_copy_of": "df3e96ff-a3b7-4919-9e31-7de4ca604682",
    "highlight_id": "h-id-f4276b8d-ac39-4acb-9177-14b0ec7eb0db",
    "highlight_url": "https://en.wikipedia.org/wiki/InterPlanetary_File_System",
    "back_rich_text": "",
    "front_rich_text": "IPFS allows users to not only receive but host content, in a similar manner to BitTorrent. As opposed to a centrally located server, IPFS is built around a decentralized system of user-operators who hold a portion of the overall data, creating a"
  }
]